timestamp,model,f1_val,f1_test
2026-10-01T08:00:19,cnn_bilstm_LB_only,0.862749977533388,0.8705047862104655
2026-10-01T08:21:51,cnn_bilstm_LB_RF,0.8931826776776534,0.9224587941517804
2026-10-01T08:37:48,cnn_bilstm_LB_LF,0.9011189936846234,0.9229408851436224
2026-10-01T08:59:45,cnn_bilstm_LB_affected,0.8836432177011849,0.9128770016753148
2026-10-01T09:18:06,cnn_bilstm_LB_non_affected,0.8885899520832427,0.9127767671194462
2026-10-01T09:42:08,cnn_bilstm_RF_LF,0.9107039261901392,0.9462334877610724
2026-10-01T10:03:24,cnn_bilstm_LB_RF_LF,0.9143480556559392,0.9450993625032904
2026-10-01T10:21:34,cnn_bilstm_HE,0.8409093940691602,0.8587741419764855
2026-10-01T11:20:51,cnn_bilstm_RF,0.8703718593967184,0.8912327745230284
2026-10-01T11:34:48,cnn_bilstm_LF,0.8865828587357253,0.8981532586844718
2026-10-01T12:48:43,cnn_bilstm_all_sensors,0.9163925127180772,0.9462856772641022
2026-10-01T14:02:46,cnn_bilstm_all_sensors_processed,0.9662851861150744,0.962623047038682
